name,main_category,categories,reviews,rating,address,website,email,phone,facebook,instagram,linkedin,x,description,competitors,seo_keywords,workday_timing,closed_on,featured_image,google_link,place_id
"Castle Fine Art, Windsor",Art gallery,Art gallery,29,4.6,"Unit 24, Windsor Royal Station, Jubilee Arch, Windsor SL4 1PJ, United Kingdom",https://www.castlefineart.com/galleries/windsor/,"press@castlefineart.com, windsor@castlefineart.com, hello@castlegalleries.com",+44 1753 840404,https://www.facebook.com/castlegalleries,https://www.instagram.com/castlefineart/,,https://twitter.com/castlegalleries,"The UK's leading limited edition print and original art retailer, with international delivery and galleries nationwide.

Home to Windsor Castle, this historic town also has links to William the Conquerer. So it was only right that our gallery's esteemed collection of original and limited edition art was housed somewhere suitably noble.
Our artspace in Windsor Royal Station regularly hosts artist appearances and exhibitions and is located just a short walk from Windsor & Eton Central railway station.","Name: Windsor Art Fair
Link: https://www.google.com/maps/search/Windsor+Art+Fair/@51.4894142,-0.6301118?authuser=0&hl=en&entry=ttu
Reviews: 25 reviews

Name: J Manley Gallery
Link: https://www.google.com/maps/search/J+Manley+Gallery/@51.4887205,-0.6090964999999999?authuser=0&hl=en&entry=ttu
Reviews: 15 reviews

Name: Clarendon Fine Art
Link: https://www.google.com/maps/search/Clarendon+Fine+Art/@51.4816915,-0.6106752999999999?authuser=0&hl=en&entry=ttu
Reviews: 6 reviews

Name: Castle Fine Art, Marlow
Link: https://www.google.com/maps/search/Castle+Fine+Art%2C+Marlow/@51.57216820000001,-0.7767795?authuser=0&hl=en&entry=ttu
Reviews: 4 reviews

Name: Windsor Modern Art
Link: https://www.google.com/maps/search/Windsor+Modern+Art/@51.4831718,-0.6149425?authuser=0&hl=en&entry=ttu
Reviews: No Reviews reviews",,9:30 am-5:30 pm,Open All Days,https://lh3.ggpht.com/p/AF1QipMwJxc79KdW8SzYubDydFXXd0nP2f9uDkzx-A8E=s1024,"https://www.google.com/maps/place/Castle+Fine+Art,+Windsor/data=!4m7!3m6!1s0x48767ae2b6e6ef15:0x927fd5af9850319!8m2!3d51.4830418!4d-0.6103624!16s%2Fg%2F1yh9vjwrf!19sChIJFe_mtuJ6dkgRGQOF-Vr9Jwk?authuser=0&hl=en&rclk=1",ChIJFe_mtuJ6dkgRGQOF-Vr9Jwk
Windsor Art Fair,Art gallery,"Art gallery, Event management company, Exhibition and trade centre",25,4.1,"Royal Windsor Racecourse, Maidenhead Rd, Windsor SL4 5JJ, United Kingdom",https://windsorartfair.uk/,info@contemporaryartfairs.co.uk,+44 1753 591892,https://www.facebook.com/ContemporaryArtFairs/,https://www.instagram.com/contemporaryartfairs/?hl=en,,,"Bringing Artists and Art lovers together since 2005, the family-friendly annual Windsor Art Fair is held in November. Over 5,000 original works of art on sale direct from the Artist or their representing gallery. Affordable, genuine contemporary art in different genres and media. Live art demonstrations, workshops and more.
Contemporary Art Fairs run the Windsor Art Fair along with sister Art Fairs in Surrey, Newbury and Harrogate.
Miniature paintings from PS50 to fine art photography, paintings and sculpture for sale.","Name: Castle Fine Art, Windsor
Link: https://www.google.com/maps/search/Castle+Fine+Art%2C+Windsor/@51.483041799999995,-0.6103624?authuser=0&hl=en&entry=ttu
Reviews: 29 reviews

Name: Windsor Arts Centre
Link: https://www.google.com/maps/search/Windsor+Arts+Centre/@51.476780399999996,-0.6129781999999999?authuser=0&hl=en&entry=ttu
Reviews: 10 reviews

Name: Clarendon Fine Art
Link: https://www.google.com/maps/search/Clarendon+Fine+Art/@51.4816915,-0.6106752999999999?authuser=0&hl=en&entry=ttu
Reviews: 6 reviews

Name: Windsor Modern Art
Link: https://www.google.com/maps/search/Windsor+Modern+Art/@51.4831718,-0.6149425?authuser=0&hl=en&entry=ttu
Reviews: No Reviews reviews

Name: The Gallery at Ice
Link: https://www.google.com/maps/search/The+Gallery+at+Ice/@51.4812757,-0.6065931?authuser=0&hl=en&entry=ttu
Reviews: No Reviews reviews",,,Open All Days,https://lh3.ggpht.com/p/AF1QipPbOagQlUlrRV0sADUQkCn78y1v_zXEFpM8yiID=s1024,https://www.google.com/maps/place/Windsor+Art+Fair/data=!4m7!3m6!1s0x48767b62409126c3:0xfa58cf72abbda8a9!8m2!3d51.4894142!4d-0.6301118!16s%2Fg%2F11b6p39jzv!19sChIJwyaRQGJ7dkgRqai9q3LPWPo?authuser=0&hl=en&rclk=1,ChIJwyaRQGJ7dkgRqai9q3LPWPo
Clarendon Fine Art,Art dealer,"Art dealer, Art gallery",6,4.8,"Yards, 17 King Edward Court, Windsor SL4 1TF, United Kingdom",https://www.clarendonfineart.com/,clientservices@clarendonfineart.com,+44 1753 463318,,"https://instagram.com/clarendonfineartofficial/, https://www.instagram.com/p/DHrCPkRs-aH, https://www.instagram.com/p/DH8dTYyIyhr, https://www.instagram.com/clarendonfineartofficial, https://www.instagram.com/p/DH_d7_2I9QJ, https://www.instagram.com/p/DH0fL_wodwe, https://www.instagram.com/p/DHyli3cIyrv, https://www.instagram.com/p/DIB9E9iIPqp, https://www.instagram.com/p/DHvrR3FIL-R, https://www.instagram.com/p/DH6TsaxIGA2",,,"Our Windsor gallery is situated at the centre of this beautiful town which is home not only to the Royal Family, but also to a warm community of art lovers. As a Clarendon boutique gallery we specialise in original works, limited editions and sculpture from the finest emerging and established contemporary artists, alongside a superb collection of rare signed editions from 20th century masters including Picasso, Hockney and Warhol. Our services are designed to make art acquisition an uplifting and refreshing experience, and include; personal appointments in the gallery or your home, artist commissioning, interest free credit, bespoke insurance, gift list services and many more.","Name: Clarendon Fine Art Guildford
Link: https://www.google.com/maps/search/Clarendon+Fine+Art+Guildford/@51.236578599999994,-0.5694538000000001?authuser=0&hl=en&entry=ttu
Reviews: 31 reviews

Name: Castle Fine Art, Windsor
Link: https://www.google.com/maps/search/Castle+Fine+Art%2C+Windsor/@51.483041799999995,-0.6103624?authuser=0&hl=en&entry=ttu
Reviews: 29 reviews

Name: Windsor Art Fair
Link: https://www.google.com/maps/search/Windsor+Art+Fair/@51.4894142,-0.6301118?authuser=0&hl=en&entry=ttu
Reviews: 25 reviews

Name: The Gallery at Ice
Link: https://www.google.com/maps/search/The+Gallery+at+Ice/@51.4812757,-0.6065931?authuser=0&hl=en&entry=ttu
Reviews: No Reviews reviews

Name: Windsor Modern Art
Link: https://www.google.com/maps/search/Windsor+Modern+Art/@51.4831718,-0.6149425?authuser=0&hl=en&entry=ttu
Reviews: No Reviews reviews",,10 am-6 pm,Open All Days,https://lh3.ggpht.com/p/AF1QipOlLncN-CWHcxSvDsHZyU0ZzckrbAXs8pf8FrqB=s1024,https://www.google.com/maps/place/Clarendon+Fine+Art/data=!4m7!3m6!1s0x48767bfa5ea33a79:0xb9e8533042a7a91d!8m2!3d51.4816915!4d-0.6106753!16s%2Fg%2F11qgygx04d!19sChIJeTqjXvp7dkgRHamnQjBT6Lk?authuser=0&hl=en&rclk=1,ChIJeTqjXvp7dkgRHamnQjBT6Lk
J Manley Gallery,Art gallery,"Art gallery, Picture frame shop",15,4.9,"27 High St, Eton, Windsor SL4 6AX, United Kingdom",http://www.manleygallery.com/,info@manleyrestoration.com,+44 1753 865647,,,,,Established 1891 as bespoke picture framers and sale of engraved local scenes,"Name: Castle Fine Art, Windsor
Link: https://www.google.com/maps/search/Castle+Fine+Art%2C+Windsor/@51.483041799999995,-0.6103624?authuser=0&hl=en&entry=ttu
Reviews: 29 reviews

Name: Framing Castle
Link: https://www.google.com/maps/search/Framing+Castle/@51.4829691,-0.6105581?authuser=0&hl=en&entry=ttu
Reviews: 17 reviews

Name: The Picture Frame Workshop
Link: https://www.google.com/maps/search/The+Picture+Frame+Workshop/@51.4779817,-0.6127214999999999?authuser=0&hl=en&entry=ttu
Reviews: 12 reviews

Name: Manley Restoration
Link: https://www.google.com/maps/search/Manley+Restoration/@51.4887205,-0.6090964999999999?authuser=0&hl=en&entry=ttu
Reviews: 10 reviews

Name: The Barker Gallery
Link: https://www.google.com/maps/search/The+Barker+Gallery/@51.4875738,-0.6091288?authuser=0&hl=en&entry=ttu
Reviews: No Reviews reviews","framed, quality","10 am-1 pm, 2:15-4 pm","Monday, Saturday, Sunday",https://lh3.ggpht.com/p/AF1QipO-omVJZ1dmcz6S-c64n49_yl2kld-fNcaiMO4e=s1024,https://www.google.com/maps/place/J+Manley+Gallery/data=!4m7!3m6!1s0x48767ae11428950d:0x3aaec448b13ef807!8m2!3d51.4887205!4d-0.6090965!16s%2Fg%2F1hm5r8b5s!19sChIJDZUoFOF6dkgRB_g-sUjErjo?authuser=0&hl=en&rclk=1,ChIJDZUoFOF6dkgRB_g-sUjErjo
The Gallery at Ice,Art gallery,Art gallery,0,0.0,"8 High St, Windsor SL4 1LD, United Kingdom",http://www.thegalleryatice.co.uk/,,+44 1753 314949,,https://www.instagram.com/galleryatice/?hl=en,,https://twitter.com/thegalleryatice,,"Name: Iris Galerie Windsor
Link: https://www.google.com/maps/search/Iris+Galerie+Windsor/@51.48222,-0.6083?authuser=0&hl=en&entry=ttu
Reviews: 71 reviews

Name: Clarendon Fine Art
Link: https://www.google.com/maps/search/Clarendon+Fine+Art/@51.4816915,-0.6106752999999999?authuser=0&hl=en&entry=ttu
Reviews: 6 reviews

Name: Windsor Contemporary Art Fair
Link: https://www.google.com/maps/search/Windsor+Contemporary+Art+Fair/@51.4890494,-0.5842054999999999?authuser=0&hl=en&entry=ttu
Reviews: 3 reviews

Name: Windsor Modern Art
Link: https://www.google.com/maps/search/Windsor+Modern+Art/@51.4831718,-0.6149425?authuser=0&hl=en&entry=ttu
Reviews: No Reviews reviews

Name: The Barker Gallery
Link: https://www.google.com/maps/search/The+Barker+Gallery/@51.4875738,-0.6091288?authuser=0&hl=en&entry=ttu
Reviews: No Reviews reviews",,9 am-5 pm,"Saturday, Sunday",https://streetviewpixels-pa.googleapis.com/v1/thumbnail?panoid=mDXJT7MtoEvf7NX0CTAMiQ&cb_client=search.gws-prod.gps&w=408&h=240&yaw=235.38698&pitch=0&thumbfov=100,https://www.google.com/maps/place/The+Gallery+at+Ice/data=!4m7!3m6!1s0x48767afb51ace009:0xba6f053f1dfc2c50!8m2!3d51.4812757!4d-0.6065931!16s%2Fg%2F11g9nl27yf!19sChIJCeCsUft6dkgRUCz8HT8Fb7o?authuser=0&hl=en&rclk=1,ChIJCeCsUft6dkgRUCz8HT8Fb7o
Windsor Contemporary Art Fair,Art gallery,Art gallery,3,4.7,"26 Eton Rd, Datchet, Slough SL3 9AY, United Kingdom",,,+44 1753 591892,,,,,,"Name: Castle Fine Art, Windsor
Link: https://www.google.com/maps/search/Castle+Fine+Art%2C+Windsor/@51.483041799999995,-0.6103624?authuser=0&hl=en&entry=ttu
Reviews: 29 reviews

Name: Clarendon Fine Art
Link: https://www.google.com/maps/search/Clarendon+Fine+Art/@51.4816915,-0.6106752999999999?authuser=0&hl=en&entry=ttu
Reviews: 6 reviews

Name: The Studio Gallery
Link: https://www.google.com/maps/search/The+Studio+Gallery/@51.484235899999995,-0.5796793?authuser=0&hl=en&entry=ttu
Reviews: 1 reviews

Name: Windsor Modern Art
Link: https://www.google.com/maps/search/Windsor+Modern+Art/@51.4831718,-0.6149425?authuser=0&hl=en&entry=ttu
Reviews: No Reviews reviews

Name: The Gallery at Ice
Link: https://www.google.com/maps/search/The+Gallery+at+Ice/@51.4812757,-0.6065931?authuser=0&hl=en&entry=ttu
Reviews: No Reviews reviews",,,Open All Days,https://streetviewpixels-pa.googleapis.com/v1/thumbnail?panoid=Jcm1kGx-4lTyfB4sjHsxHg&cb_client=search.gws-prod.gps&w=408&h=240&yaw=62.138535&pitch=0&thumbfov=100,https://www.google.com/maps/place/Windsor+Contemporary+Art+Fair/data=!4m7!3m6!1s0x48767a944a5e0b7f:0x5dc5514e1016a7d!8m2!3d51.4890494!4d-0.5842055!16s%2Fg%2F1tkmm126!19sChIJfwteSpR6dkgRfWoB4RRV3AU?authuser=0&hl=en&rclk=1,ChIJfwteSpR6dkgRfWoB4RRV3AU
Art Windsor-Essex,Art gallery,"Art gallery, Museum",328,4.4,"401 Riverside Dr W, Windsor, ON N9A 7J1, Canada",http://www.artwindsoressex.ca/,visit@artwindsoressex.ca,+1 519-977-0013,https://www.facebook.com/artwindsoressex,https://www.instagram.com/artwindsoressex/,,,"Art Windsor-Essex (AWE) supports the presentation of Canadian visual arts in the international border community of Windsor-Detroit, one of the busiest border crossings in North America. Established in 1943 the Gallery is a cultural pillar situated in a premium downtown riverfront location overlooking the Detroit River and downtown skylines. The Gallery is known for its cutting-edge contemporary art program and Canadian art collection of nearly 4,000 works. The Gallery has received 20 organizational awards since 2013, including being the recipient of the Best of Windsor Award for Best Public Art Gallery or Public Art Space.","Name: Arts Council-Windsor & Region
Link: https://www.google.com/maps/search/Arts+Council-Windsor+%26+Region/@42.3229849,-83.0127495?authuser=0&hl=en&entry=ttu
Reviews: 32 reviews

Name: Artcite Inc.
Link: https://www.google.com/maps/search/Artcite+Inc./@42.3219235,-83.0002311?authuser=0&hl=en&entry=ttu
Reviews: 24 reviews

Name: Common Ground Gallery
Link: https://www.google.com/maps/search/Common+Ground+Gallery/@42.300171999999996,-83.0764712?authuser=0&hl=en&entry=ttu
Reviews: 4 reviews

Name: Windsor Art Alley @ Maiden Lane
Link: https://www.google.com/maps/search/Windsor+Art+Alley+%40+Maiden+Lane/@42.315126899999996,-83.0380345?authuser=0&hl=en&entry=ttu
Reviews: No Reviews reviews","kids, price, building, information, check, learning, educational, photos, dinosaur, field trip",10 am-5 pm,Monday,https://lh3.ggpht.com/p/AF1QipO3AD2sxB6GOPRvVBkAN1FbJA-24wNQm9zbWz4J=s1024,https://www.google.com/maps/place/Art+Windsor-Essex/data=!4m7!3m6!1s0x883b2d18f7c463ff:0x2ab2bc2589d18630!8m2!3d42.3183746!4d-83.0445785!16s%2Fm%2F03c5r67!19sChIJ_2PE9xgtO4gRMIbRiSW8sio?authuser=0&hl=en&rclk=1,ChIJ_2PE9xgtO4gRMIbRiSW8sio
The Barker Gallery,Art gallery,Art gallery,0,0.0,"100 High St, Eton, Windsor SL4 6AG, United Kingdom",http://www.thebarkergallery.co.uk/,"8c4075d5481d476e945486754f783364@sentry.io, thebarkergallery@gmail.com",+44 7733 304576,,http://www.instagram.com/thebarkergallery,,,"Based in Eton, we have a number of works which you are able to view by appointment. We have monthly pop ups, exhibitions and opportunities to meet the artists and discuss commissions.  We are also regular exhibitors at fairs such as The Affordable Art Fair in Battersea and Hampstead.
 
To arrange a viewing or to find out more about our upcoming exhibitions please contact us!

We are open on Saturdays and in the week by appointment!","Name: Castle Fine Art, Windsor
Link: https://www.google.com/maps/search/Castle+Fine+Art%2C+Windsor/@51.483041799999995,-0.6103624?authuser=0&hl=en&entry=ttu
Reviews: 29 reviews

Name: J Manley Gallery
Link: https://www.google.com/maps/search/J+Manley+Gallery/@51.4887205,-0.6090964999999999?authuser=0&hl=en&entry=ttu
Reviews: 15 reviews

Name: Patrick Palmer Artist & Art Tutor
Link: https://www.google.com/maps/search/Patrick+Palmer+Artist+%26+Art+Tutor/@51.480121999999994,-0.6288785?authuser=0&hl=en&entry=ttu
Reviews: 10 reviews

Name: The Gallery at Ice
Link: https://www.google.com/maps/search/The+Gallery+at+Ice/@51.4812757,-0.6065931?authuser=0&hl=en&entry=ttu
Reviews: No Reviews reviews

Name: Windsor Modern Art
Link: https://www.google.com/maps/search/Windsor+Modern+Art/@51.4831718,-0.6149425?authuser=0&hl=en&entry=ttu
Reviews: No Reviews reviews",,12-4 pm,"Monday, Tuesday, Wednesday, Thursday, Friday, Sunday",https://lh3.ggpht.com/p/AF1QipMmjiLwPiAN368SXap6xQLC-KT_-1dFFti0kjkA=s1024,https://www.google.com/maps/place/The+Barker+Gallery/data=!4m7!3m6!1s0x48767b4a3a8a4443:0x971faee115ccde89!8m2!3d51.4875738!4d-0.6091288!16s%2Fg%2F11pcrtsm1v!19sChIJQ0SKOkp7dkgRid7MFeGuH5c?authuser=0&hl=en&rclk=1,ChIJQ0SKOkp7dkgRid7MFeGuH5c
London Art Walk,Art dealer,"Art dealer, Service establishment",38,5.0,,https://www.londonartwalk.com/,com@londonartwalk.com,,https://www.facebook.com/londonartwalk/,"https://www.instagram.com/p/DE5P1J2xyHq/, https://www.instagram.com/p/DF5oTJruwAW/, https://www.instagram.com/london_art_walk/, https://www.instagram.com/reel/DFKwNraOGJh/, https://www.instagram.com/, https://www.instagram.com/p/DE74sVORu_z/, https://www.instagram.com/p/DE2qgxTRbF8/, https://www.instagram.com/p/DFadDEOuOP-/",https://uk.linkedin.com/company/london-art-walk,,We provide exclusive ART WALKS for small groups to guided art exhibitions in London.,,"museum, tour guides, knowledge, passion, reading, sarah lucas, johannes vermeer, rembrandt, stories, enthusiasm",9 am-5 pm,"Saturday, Sunday",https://lh3.ggpht.com/p/AF1QipN2yFLhjEilOBN77K8j_xwljbcGwgXzejUi2auy=s1024,https://www.google.com/maps/place/London+Art+Walk/data=!4m7!3m6!1s0x413267b16ca93bd5:0xcb272b31e34a7c71!8m2!3d51.5286416!4d-0.1015987!16s%2Fg%2F11l2v2dz3h!19sChIJ1TupbLFnMkERcXxK4zErJ8s?authuser=0&hl=en&rclk=1,ChIJ1TupbLFnMkERcXxK4zErJ8s
The Studio Gallery,Art gallery,"Art gallery, Picture frame shop",1,5.0,"Old Bank /The Green, Datchet, Slough SL3 9JH, United Kingdom",,,+44 1753 544100,,,,,,"Name: The Studio Gallery : Bespoke Framing
Link: https://www.google.com/maps/search/The+Studio+Gallery+%3A+Bespoke+Framing/@51.535055299999996,-0.9791951000000001?authuser=0&hl=en&entry=ttu
Reviews: 11 reviews

Name: Windsor Contemporary Art Fair
Link: https://www.google.com/maps/search/Windsor+Contemporary+Art+Fair/@51.4890494,-0.5842054999999999?authuser=0&hl=en&entry=ttu
Reviews: 3 reviews

Name: Julian Betney ~ Fine Artist & Picture Framer
Link: https://www.google.com/maps/search/Julian+Betney+~+Fine+Artist+%26+Picture+Framer/@51.4841017,-0.5793722?authuser=0&hl=en&entry=ttu
Reviews: 1 reviews

Name: The Gallery at Ice
Link: https://www.google.com/maps/search/The+Gallery+at+Ice/@51.4812757,-0.6065931?authuser=0&hl=en&entry=ttu
Reviews: No Reviews reviews

Name: STUDIO Tanya
Link: https://www.google.com/maps/search/STUDIO+Tanya/@51.5172234,-0.5832545?authuser=0&hl=en&entry=ttu
Reviews: No Reviews reviews",,3-7 pm,Open All Days,https://streetviewpixels-pa.googleapis.com/v1/thumbnail?panoid=tll4kbadQ_q8WwbstQY4Gg&cb_client=search.gws-prod.gps&w=408&h=240&yaw=126.43457&pitch=0&thumbfov=100,https://www.google.com/maps/place/The+Studio+Gallery/data=!4m7!3m6!1s0x48767a905a424aa1:0x8be5af053fe9525b!8m2!3d51.4842359!4d-0.5796793!16s%2Fg%2F1w455339!19sChIJoUpCWpB6dkgRW1LpPwWv5Ys?authuser=0&hl=en&rclk=1,ChIJoUpCWpB6dkgRW1LpPwWv5Ys
Windsor Modern Art,Art gallery,Art gallery,0,0.0,"Unit 4, 7a Alma Rd, Windsor SL4 3HU, United Kingdom",,,,,,,,Windsor Modern Art is a Working Contemporary Art Studio & Exhibition Space in Central Windsor.,"Name: Castle Fine Art, Windsor
Link: https://www.google.com/maps/search/Castle+Fine+Art%2C+Windsor/@51.483041799999995,-0.6103624?authuser=0&hl=en&entry=ttu
Reviews: 29 reviews

Name: Windsor Arts Centre
Link: https://www.google.com/maps/search/Windsor+Arts+Centre/@51.476780399999996,-0.6129781999999999?authuser=0&hl=en&entry=ttu
Reviews: 10 reviews

Name: Clarendon Fine Art
Link: https://www.google.com/maps/search/Clarendon+Fine+Art/@51.4816915,-0.6106752999999999?authuser=0&hl=en&entry=ttu
Reviews: 6 reviews

Name: Windsor Contemporary Art Fair
Link: https://www.google.com/maps/search/Windsor+Contemporary+Art+Fair/@51.4890494,-0.5842054999999999?authuser=0&hl=en&entry=ttu
Reviews: 3 reviews

Name: The Gallery at Ice
Link: https://www.google.com/maps/search/The+Gallery+at+Ice/@51.4812757,-0.6065931?authuser=0&hl=en&entry=ttu
Reviews: No Reviews reviews",,9 am-5 pm,Open All Days,https://streetviewpixels-pa.googleapis.com/v1/thumbnail?panoid=Dq0T8q3r8bVXb_zEFR9Ubg&cb_client=search.gws-prod.gps&w=408&h=240&yaw=281.26837&pitch=0&thumbfov=100,https://www.google.com/maps/place/Windsor+Modern+Art/data=!4m7!3m6!1s0x48767bba68ea552b:0xc7a78fc99b0ca24e!8m2!3d51.4831718!4d-0.6149425!16s%2Fg%2F11mw90btwr!19sChIJK1XqaLp7dkgRTqIMm8mPp8c?authuser=0&hl=en&rclk=1,ChIJK1XqaLp7dkgRTqIMm8mPp8c
Art Gallery of Regina,Art gallery,Art gallery,39,4.5,"2420 Elphinstone St, Regina, SK S4T 3T4, Canada",https://www.artgalleryofregina.ca/,"8c4075d5481d476e945486754f783364@sentry.io, info@artgalleryofregina.ca",+1 306-522-5940,https://www.facebook.com/pages/Art-Gallery-of-Regina/228399860562366,https://www.instagram.com/artgalleryofregina/,,https://twitter.com/agr_regina,Public non-profit contemporary art gallery,"Name: MacKenzie Art Gallery
Link: https://www.google.com/maps/search/MacKenzie+Art+Gallery/@50.4254894,-104.6170166?authuser=0&hl=en&entry=ttu
Reviews: 589 reviews

Name: SLATE FINE ART GALLERY
Link: https://www.google.com/maps/search/SLATE+FINE+ART+GALLERY/@50.4456394,-104.6305738?authuser=0&hl=en&entry=ttu
Reviews: 38 reviews

Name: Assiniboia Gallery
Link: https://www.google.com/maps/search/Assiniboia+Gallery/@50.442744,-104.6154016?authuser=0&hl=en&entry=ttu
Reviews: 27 reviews

Name: Dunlop Art Gallery
Link: https://www.google.com/maps/search/Dunlop+Art+Gallery/@50.44866390000001,-104.6139235?authuser=0&hl=en&entry=ttu
Reviews: 21 reviews

Name: Nouveau Gallery
Link: https://www.google.com/maps/search/Nouveau+Gallery/@50.444626299999996,-104.6183396?authuser=0&hl=en&entry=ttu
Reviews: 13 reviews","space, artists, gem",11 am-7 pm,"Monday, Sunday",https://lh3.ggpht.com/p/AF1QipP4g6waj7D7qGv2AltumC8mMb_ojHULNa-Jjiu5=s1024,https://www.google.com/maps/place/Art+Gallery+of+Regina/data=!4m7!3m6!1s0x531c1e1266687221:0x7beaaadf884abb2!8m2!3d50.4405049!4d-104.6326438!16s%2Fg%2F1vxdxyrk!19sChIJIXJoZhIeHFMRsquE-K2qvgc?authuser=0&hl=en&rclk=1,ChIJIXJoZhIeHFMRsquE-K2qvgc
MacKenzie Art Gallery,Art gallery,"Art gallery, Tourist attraction",589,4.4,"3475 Albert St, Regina, SK S4S 6X6, Canada",http://mackenzie.art/,,+1 306-584-4250,https://www.facebook.com/MacKenzieArtGallery,"https://www.instagram.com/, https://www.instagram.com/mackenzie.art.gallery/",,,"The MacKenzie Art Gallery is Saskatchewan's oldest public art gallery and serves as a centre for art and culture, holding a collection in trust for the community. The Gallery presents a range of rotating art exhibitions, focusing on Indigenous and contemporary art, with select historic and international work. It hosts public programming such as tours, artist talks, screenings, performances, community events, art workshops, and more, within its spacious facilities in the T.C. Douglas Building within Wascana Centre, Regina, Treaty 4 Territory.","Name: Saskatchewan Science Centre
Link: https://www.google.com/maps/search/Saskatchewan+Science+Centre/@50.4327979,-104.5948406?authuser=0&hl=en&entry=ttu
Reviews: 423 reviews

Name: Art Gallery of Regina
Link: https://www.google.com/maps/search/Art+Gallery+of+Regina/@50.4405049,-104.6326438?authuser=0&hl=en&entry=ttu
Reviews: 39 reviews

Name: SLATE FINE ART GALLERY
Link: https://www.google.com/maps/search/SLATE+FINE+ART+GALLERY/@50.4456394,-104.6305738?authuser=0&hl=en&entry=ttu
Reviews: 38 reviews

Name: Assiniboia Gallery
Link: https://www.google.com/maps/search/Assiniboia+Gallery/@50.442744,-104.6154016?authuser=0&hl=en&entry=ttu
Reviews: 27 reviews

Name: Regina Art Park
Link: https://www.google.com/maps/search/Regina+Art+Park/@50.450495599999996,-104.6032256?authuser=0&hl=en&entry=ttu
Reviews: 2 reviews","gift shop, artists, building, kids, price, space, cafe, donation, trip, fee",10 am-5:30 pm,Monday,https://lh3.ggpht.com/p/AF1QipOAVENfE-7VjLPe6EcN31H8fFanro3PzGmXfHuV=s1024,https://www.google.com/maps/place/MacKenzie+Art+Gallery/data=!4m7!3m6!1s0x531c1e1d91614add:0xf0c3108ea9dc5d9e!8m2!3d50.4254894!4d-104.6170166!16s%2Fm%2F05p5wg1!19sChIJ3UphkR0eHFMRnl3cqY4Qw_A?authuser=0&hl=en&rclk=1,ChIJ3UphkR0eHFMRnl3cqY4Qw_A
SLATE FINE ART GALLERY,Art gallery,Art gallery,38,4.7,"3424 13th Ave, Regina, SK S4T 1P7, Canada",http://www.slategallery.ca/,ginafafard@slategallery.ca,+1 306-775-0300,https://www.facebook.com/SLATE-Fine-Art-Gallery-141311352710080/,https://www.instagram.com/slategallery/,,,"Located in Regina, Saskatchewan, Slate Fine Art Gallery features contemporary art from established Canadian artists such as Victor Cicansky, Joe Fafard, David Thauberger, Heather Cline, Jeff Nachtigall and Michael Hosaluk. With a focus on Saskatchewan, the artwork at Slate Fine Art Gallery is modern and innovative with visual strength, sophistication and lasting impact. Monthly exhibitions are enhanced with live performances and special events, all equally entertaining, educational and inspiring.","Name: Art Gallery of Regina
Link: https://www.google.com/maps/search/Art+Gallery+of+Regina/@50.4405049,-104.6326438?authuser=0&hl=en&entry=ttu
Reviews: 39 reviews

Name: Assiniboia Gallery
Link: https://www.google.com/maps/search/Assiniboia+Gallery/@50.442744,-104.6154016?authuser=0&hl=en&entry=ttu
Reviews: 27 reviews

Name: Dunlop Art Gallery
Link: https://www.google.com/maps/search/Dunlop+Art+Gallery/@50.44866390000001,-104.6139235?authuser=0&hl=en&entry=ttu
Reviews: 21 reviews

Name: Nouveau Gallery
Link: https://www.google.com/maps/search/Nouveau+Gallery/@50.444626299999996,-104.6183396?authuser=0&hl=en&entry=ttu
Reviews: 13 reviews

Name: The Lobby Gallery
Link: https://www.google.com/maps/search/The+Lobby+Gallery/@50.4625876,-104.6194156?authuser=0&hl=en&entry=ttu
Reviews: 3 reviews",artists,11 am-5:30 pm,"Monday, Sunday",https://lh3.ggpht.com/p/AF1QipPXJIyEqJz7znZfLbindZFurL2akGJDtoDfTmcp=s1024,https://www.google.com/maps/place/SLATE+FINE+ART+GALLERY/data=!4m7!3m6!1s0x531c1e378e7ef443:0x6b01492cc8595a02!8m2!3d50.4456394!4d-104.6305738!16s%2Fg%2F11bbtjzm74!19sChIJQ_R-jjceHFMRAlpZyCxJAWs?authuser=0&hl=en&rclk=1,ChIJQ_R-jjceHFMRAlpZyCxJAWs
Nouveau Gallery,Art gallery,Art gallery,13,4.8,"2146 Albert St, Regina, SK S4P 2T9, Canada",http://www.nouveaugallery.com/,info@nouveaugallery.com,+1 306-569-9279,,,,,,"Name: Art Gallery of Regina
Link: https://www.google.com/maps/search/Art+Gallery+of+Regina/@50.4405049,-104.6326438?authuser=0&hl=en&entry=ttu
Reviews: 39 reviews

Name: SLATE FINE ART GALLERY
Link: https://www.google.com/maps/search/SLATE+FINE+ART+GALLERY/@50.4456394,-104.6305738?authuser=0&hl=en&entry=ttu
Reviews: 38 reviews

Name: Assiniboia Gallery
Link: https://www.google.com/maps/search/Assiniboia+Gallery/@50.442744,-104.6154016?authuser=0&hl=en&entry=ttu
Reviews: 27 reviews

Name: Dunlop Art Gallery
Link: https://www.google.com/maps/search/Dunlop+Art+Gallery/@50.44866390000001,-104.6139235?authuser=0&hl=en&entry=ttu
Reviews: 21 reviews

Name: Neutral Ground Artist Run Centre
Link: https://www.google.com/maps/search/Neutral+Ground+Artist+Run+Centre/@50.449740299999995,-104.6106794?authuser=0&hl=en&entry=ttu
Reviews: 12 reviews",,12-4 pm,"Monday, Tuesday, Wednesday, Sunday",https://lh3.ggpht.com/p/AF1QipPBzJlbin21pqGgmbd1PN_M8FRzjVvpGdbKnh8m=s1024,https://www.google.com/maps/place/Nouveau+Gallery/data=!4m7!3m6!1s0x531c1e3fe328adc7:0xf59019aa83dfb993!8m2!3d50.4446263!4d-104.6183396!16s%2Fg%2F1tksn08d!19sChIJx60o4z8eHFMRk7nfg6oZkPU?authuser=0&hl=en&rclk=1,ChIJx60o4z8eHFMRk7nfg6oZkPU
Assiniboia Gallery,Art gallery,"Art gallery, Picture frame shop",27,4.8,"2266 Smith St, Regina, SK S4P 2P4, Canada",https://assiniboia.com/,mail@assiniboia.com,+1 306-522-0997,https://www.facebook.com/AssiniboiaGallery/,https://www.instagram.com/assiniboiaart/?hl=en,,,"Established in 1977, the Assiniboia Gallery showcases contemporary and traditional works of art by established and emerging visual artists from across Canada.","Name: MacKenzie Art Gallery
Link: https://www.google.com/maps/search/MacKenzie+Art+Gallery/@50.4254894,-104.6170166?authuser=0&hl=en&entry=ttu
Reviews: 589 reviews

Name: Art Gallery of Regina
Link: https://www.google.com/maps/search/Art+Gallery+of+Regina/@50.4405049,-104.6326438?authuser=0&hl=en&entry=ttu
Reviews: 39 reviews

Name: SLATE FINE ART GALLERY
Link: https://www.google.com/maps/search/SLATE+FINE+ART+GALLERY/@50.4456394,-104.6305738?authuser=0&hl=en&entry=ttu
Reviews: 38 reviews

Name: Nouveau Gallery
Link: https://www.google.com/maps/search/Nouveau+Gallery/@50.444626299999996,-104.6183396?authuser=0&hl=en&entry=ttu
Reviews: 13 reviews

Name: SaskGalleries
Link: https://www.google.com/maps/search/SaskGalleries/@50.4399154,-104.60806439999999?authuser=0&hl=en&entry=ttu
Reviews: 1 reviews",artists,10 am-5 pm,"Monday, Sunday",https://lh3.ggpht.com/p/AF1QipMPke44NE_luCYT2UBPzuYFF8Oy_CxmopP2Lqku=s1024,https://www.google.com/maps/place/Assiniboia+Gallery/data=!4m7!3m6!1s0x531c1e3e4bc22a19:0xd17138908523d41d!8m2!3d50.442744!4d-104.6154016!16s%2Fg%2F1tg7rp92!19sChIJGSrCSz4eHFMRHdQjhZA4cdE?authuser=0&hl=en&rclk=1,ChIJGSrCSz4eHFMRHdQjhZA4cdE
Neutral Ground Artist Run Centre,Art gallery,"Art gallery, Art center",12,4.7,"1835 Scarth St, Regina, SK S4P 2G9, Canada",http://www.neutralground.sk.ca/,,+1 306-522-7166,https://www.facebook.com/NeutralGroundgallery/,https://www.instagram.com/neutralgroundarc/,,,"Neutral Ground is an artist-run-centre that presents contemporary visual and media art. Located in Treaty 4 Territory/Regina, we connect audiences to the work of emerging and mid-career artists primarily from Saskatchewan and Canada.","Name: Art Gallery of Regina
Link: https://www.google.com/maps/search/Art+Gallery+of+Regina/@50.4405049,-104.6326438?authuser=0&hl=en&entry=ttu
Reviews: 39 reviews

Name: Traditions Hand Craft Gallery
Link: https://www.google.com/maps/search/Traditions+Hand+Craft+Gallery/@50.4456346,-104.6201967?authuser=0&hl=en&entry=ttu
Reviews: 28 reviews

Name: Dunlop Art Gallery
Link: https://www.google.com/maps/search/Dunlop+Art+Gallery/@50.44866390000001,-104.6139235?authuser=0&hl=en&entry=ttu
Reviews: 21 reviews

Name: Nouveau Gallery
Link: https://www.google.com/maps/search/Nouveau+Gallery/@50.444626299999996,-104.6183396?authuser=0&hl=en&entry=ttu
Reviews: 13 reviews",,11 am-6 pm,"Monday, Tuesday, Sunday",https://lh3.ggpht.com/p/AF1QipPXTZdWypb8JiGp42UHwUu8pLcryl0hUPTVEfTh=s1024,https://www.google.com/maps/place/Neutral+Ground+Artist+Run+Centre/data=!4m7!3m6!1s0x531c1e47424da57f:0x617bac144479d7ec!8m2!3d50.4497403!4d-104.6106794!16s%2Fg%2F1tglyn5m!19sChIJf6VNQkceHFMR7Nd5RBSse2E?authuser=0&hl=en&rclk=1,ChIJf6VNQkceHFMR7Nd5RBSse2E
Dunlop Art Gallery,Art gallery,Art gallery,21,4.5,"2311 12 Ave, Regina, SK S4P 3Z5, Canada",https://www.reginalibrary.ca/dunlop-art-gallery,dunlop@reginalibrary.ca,+1 306-777-6000,"https://www.facebook.com/dunlopartgallery, https://www.facebook.com/ReginaPublicLibrary/",https://www.instagram.com/dunlopartgallery/,,"https://twitter.com/DunlopGallery, https://twitter.com/OfficialRPL",Gallery presenting a diverse range of visual art with a primary focus on contemporary culture.,"Name: Art Gallery of Regina
Link: https://www.google.com/maps/search/Art+Gallery+of+Regina/@50.4405049,-104.6326438?authuser=0&hl=en&entry=ttu
Reviews: 39 reviews

Name: SLATE FINE ART GALLERY
Link: https://www.google.com/maps/search/SLATE+FINE+ART+GALLERY/@50.4456394,-104.6305738?authuser=0&hl=en&entry=ttu
Reviews: 38 reviews

Name: Nouveau Gallery
Link: https://www.google.com/maps/search/Nouveau+Gallery/@50.444626299999996,-104.6183396?authuser=0&hl=en&entry=ttu
Reviews: 13 reviews

Name: Neutral Ground Artist Run Centre
Link: https://www.google.com/maps/search/Neutral+Ground+Artist+Run+Centre/@50.449740299999995,-104.6106794?authuser=0&hl=en&entry=ttu
Reviews: 12 reviews

Name: The Lobby Gallery
Link: https://www.google.com/maps/search/The+Lobby+Gallery/@50.4625876,-104.6194156?authuser=0&hl=en&entry=ttu
Reviews: 3 reviews","library, space, artists",9:30 am-9 pm,Friday,https://lh3.ggpht.com/p/AF1QipMYjNlPjKnrvNOabOyf-IQL7-tYFRXsfMdLCOFG=s1024,https://www.google.com/maps/place/Dunlop+Art+Gallery/data=!4m7!3m6!1s0x531c1f275ada08f5:0x528527a84437a107!8m2!3d50.4486639!4d-104.6139235!16s%2Fg%2F1tdy8qvc!19sChIJ9QjaWicfHFMRB6E3RKgnhVI?authuser=0&hl=en&rclk=1,ChIJ9QjaWicfHFMRB6E3RKgnhVI
Traditions Hand Craft Gallery,Art gallery,Art gallery,28,4.8,"2718 13th Ave, Regina, SK S4T 1N3, Canada",http://www.traditionshandcraftgallery.ca/,traditions@sasktel.net,+1 306-569-0199,https://www.facebook.com/TraditionsHandCraftGallery,https://www.instagram.com/TraditionsHandCraft/,,,Traditions carries fine craft and artwork in a wide variety of mediums from over 90 Saskatchewan-based artists.,"Name: Neutral Ground Artist Run Centre
Link: https://www.google.com/maps/search/Neutral+Ground+Artist+Run+Centre/@50.449740299999995,-104.6106794?authuser=0&hl=en&entry=ttu
Reviews: 12 reviews

Name: Regina's Art Supply Exchange
Link: https://www.google.com/maps/search/Regina's+Art+Supply+Exchange/@50.450743300000006,-104.5935411?authuser=0&hl=en&entry=ttu
Reviews: 6 reviews

Name: THE WOODS ART SPACE
Link: https://www.google.com/maps/search/THE+WOODS+ART+SPACE/@50.441522799999994,-104.61632069999999?authuser=0&hl=en&entry=ttu
Reviews: 3 reviews

Name: Lakeview Pottery
Link: https://www.google.com/maps/search/Lakeview+Pottery/@50.4226786,-104.61949399999999?authuser=0&hl=en&entry=ttu
Reviews: 1 reviews","artists, gift, pottery, share, selection",10 am-5:30 pm,"Monday, Sunday",https://lh3.ggpht.com/p/AF1QipPhT3BRzi1yRGsjEwLuBwhAilCK1eoojfxJ9L-Q=s1024,https://www.google.com/maps/place/Traditions+Hand+Craft+Gallery/data=!4m7!3m6!1s0x531c1e6ab74dde73:0x254e7d024e80b632!8m2!3d50.4456346!4d-104.6201967!16s%2Fg%2F1tm68lkk!19sChIJc95Nt2oeHFMRMraATgJ9TiU?authuser=0&hl=en&rclk=1,ChIJc95Nt2oeHFMRMraATgJ9TiU
The Lobby Gallery,Art gallery,"Art gallery, Art dealer",3,3.7,"1077 Angus St, Regina, SK S4T 1Y5, Canada",http://www.reginapac.com/lobby-gallery.html,rpac@sasktel.net,+1 306-725-3245,"https://facebook.com/ReginaPerformingArtsCentre, https://www.facebook.com/ReginaPerformingArtsCentre/?ref=hl","https://www.instagram.com/reginaperformingartscentre/, https://www.instagram.com/thelobbygallery/?hl=en",,,,"Name: Art Gallery of Regina
Link: https://www.google.com/maps/search/Art+Gallery+of+Regina/@50.4405049,-104.6326438?authuser=0&hl=en&entry=ttu
Reviews: 39 reviews

Name: SLATE FINE ART GALLERY
Link: https://www.google.com/maps/search/SLATE+FINE+ART+GALLERY/@50.4456394,-104.6305738?authuser=0&hl=en&entry=ttu
Reviews: 38 reviews

Name: Assiniboia Gallery
Link: https://www.google.com/maps/search/Assiniboia+Gallery/@50.442744,-104.6154016?authuser=0&hl=en&entry=ttu
Reviews: 27 reviews

Name: SaskGalleries
Link: https://www.google.com/maps/search/SaskGalleries/@50.4399154,-104.60806439999999?authuser=0&hl=en&entry=ttu
Reviews: 1 reviews",,12-8 pm,"Saturday, Sunday",https://lh3.ggpht.com/p/AF1QipOvIluvS01Qhf57IXv3P483YnnAmDUPZ7TgLnXs=s1024,https://www.google.com/maps/place/The+Lobby+Gallery/data=!4m7!3m6!1s0x531c1fc11e93cbd3:0xf4775c3eeb78c72a!8m2!3d50.4625876!4d-104.6194156!16s%2Fg%2F11gm__rm3b!19sChIJ08uTHsEfHFMRKsd46z5cd_Q?authuser=0&hl=en&rclk=1,ChIJ08uTHsEfHFMRKsd46z5cd_Q
